customer_id,first_name,last_name,gender,age,phone,email,city_id,join_date
1,Daksh,Bakshi,Male,19,4332181960,chandertejas@example.org,12,2024-09-21
2,Amara,Issac,Female,33,8637940265,nachiket35@example.org,4,2022-12-20
3,Ranveer,Chatterjee,Male,24,0594078161,janaki93@example.net,11,2022-11-14
4,Arin,Kari,Male,55,0131647525,amarabora@example.net,7,2025-04-10
5,Frederick,Walla,Male,19,3276483503,muttinandini@example.com,2,2022-11-08
6,Hitesh,Murty,Male,32,+917672423,xrastogi@example.org,9,2023-02-28
7,Yatin,Chand,Male,53,+911226916,advay18@example.com,4,2025-11-03
8,Panini,Choudhury,Female,32,0627048281,michaelprakash@example.org,8,2024-11-12
9,Zilmil,Acharya,Female,18,5701543039,chadavedika@example.org,13,2025-10-22
10,Dev,Dave,Male,45,7824896383,mohini57@example.net,6,2024-06-29
11,Dipta,Kota,Female,27,+911509839,karnikekansh@example.org,4,2026-03-25
12,Oni,Bobal,Female,24,3473829973,mray@example.org,2,2022-12-26
13,Upasna,Pandya,Female,24,0670106513,saumyadey@example.com,6,2023-05-10
14,Maya,Shere,Female,56,+911781080,esunder@example.org,5,2026-04-02
15,Sai,Bhargava,Male,47,+916064746,chamankalla@example.org,9,2025-01-13
16,Azaan,Murthy,Male,42,+910978820,birwahab@example.com,2,2023-01-31
17,Krishna,Baral,Female,58,1699854353,meghana24@example.com,10,2023-12-02
18,Bina,Andra,Female,54,0991183842,kondakala@example.com,4,2023-03-31
19,Theodore,Mittal,Male,20,8084124118,anitamanda@example.net,11,2023-06-21
20,Onveer,Jani,Male,36,4874016400,kalpit42@example.net,2,2024-06-14
21,Tanay,Andra,Male,24,+911280598,morarjanya@example.org,7,2026-05-25
22,Rachita,Kade,Female,47,3158692322,lbakshi@example.net,11,2026-07-04
23,Osha,Sabharwal,Female,28,3421607337,dalaja33@example.org,6,2025-05-19
24,Inaya,Rastogi,Female,31,0414586850,pranav94@example.org,11,2023-01-13
25,Urishilla,Pai,Female,59,5698169340,hagarwal@example.net,2,2025-06-29
26,Guneet,Patla,Male,52,0159514846,jmerchant@example.org,12,2023-05-23
27,Shivansh,Raghavan,Male,28,2994680443,dnagy@example.com,8,2024-06-14
28,Jalsa,Vaidya,Female,35,0214895134,mananbakshi@example.org,15,2023-08-13
29,Wazir,Bora,Male,38,0693676320,lkanda@example.net,14,2024-10-10
30,Vincent,Bedi,Male,32,3172788957,ksehgal@example.net,14,2026-03-28
31,Wazir,Sengupta,Male,38,0348734714,gautami58@example.org,7,2023-02-28
32,Forum,Kashyap,Female,22,0231665876,osharamachandran@example.net,4,2025-07-13
33,Aishani,Rai,Female,31,0054668893,anjalisarin@example.com,11,2022-09-12
34,Saumya,Nayar,Female,43,6272980699,chackopriya@example.org,15,2026-04-05
35,Vedhika,Gopal,Female,27,+914653755,finn70@example.net,5,2024-11-12
36,Atharv,Palla,Male,33,+911003309,kcontractor@example.org,12,2024-07-20
37,Lavanya,Pillay,Female,55,+919912419,tranganathan@example.org,7,2022-11-24
38,Keya,Chaudry,Female,41,4919058651,advik67@example.org,4,2024-06-01
39,Pratyush,Sharaf,Male,50,2628498776,ekantika31@example.com,8,2026-04-28
40,Umang,Kohli,Male,21,0996507527,aarna54@example.net,14,2025-07-22
41,Lakshit,Anne,Male,27,3136783777,chanderchaitaly@example.org,11,2024-04-17
42,Jairaj,Mohan,Male,45,9578856855,tmadan@example.com,10,2023-07-22
43,Darpan,Hans,Male,42,0182337498,harish34@example.org,7,2024-02-09
44,Hemal,Mittal,Female,51,+918240084,maneupasna@example.com,5,2024-06-12
45,Onkar,Gour,Male,25,+914711671,dakshachada@example.org,11,2023-01-29
46,Turvi,Kara,Female,59,6774964990,johalsiddharth@example.com,6,2025-05-19
47,Banjeet,Dugar,Male,36,+912812067,katabhavya@example.net,7,2023-10-11
48,Utkarsh,Bobal,Male,47,3493618324,ekbalbhasin@example.org,1,2025-12-11
49,Nikita,Mani,Female,50,0174648877,sankaranekantika@example.net,13,2023-08-21
50,Agastya,Chand,Male,50,+919904902,pratyush96@example.net,15,2026-01-13
51,Yatan,Chand,Male,58,0565512567,dbansal@example.org,5,2023-11-29
52,Jonathan,Naik,Male,27,+916808760,wsathe@example.org,6,2023-06-10
53,Kiaan,Deep,Male,52,0771093248,ochander@example.org,13,2024-07-14
54,Daniel,Dube,Male,56,0484677378,mhalder@example.net,6,2025-09-30
55,Ekanta,Boase,Female,19,0658404499,sanyayohannan@example.com,2,2024-01-16
56,Osha,Purohit,Female,37,0533963605,qraju@example.net,4,2023-03-22
57,Yug,Bansal,Male,33,+918951718,edubey@example.com,15,2025-11-24
58,Kevin,Nigam,Male,23,6158657809,keerbhavna@example.org,12,2025-10-01
59,Chandani,Saraf,Female,22,+911724005,raagini23@example.net,13,2024-04-29
60,Gautam,Garde,Male,26,+911969379,tripti40@example.com,11,2026-05-28
61,Mitali,Dugar,Female,53,+917594647,pchhabra@example.com,3,2025-01-02
62,Rachita,Merchant,Female,51,4064090974,indirakanda@example.net,14,2023-05-20
63,Ladli,Devan,Female,31,1047095214,ojasvi23@example.org,15,2025-12-01
64,Qadim,Wali,Male,37,4247451712,mekhalapau@example.org,7,2025-12-08
65,Siya,Atwal,Female,46,0817549651,nbakshi@example.net,15,2023-12-20
66,Janya,Bhatnagar,Female,25,7461200471,keerkrishna@example.com,4,2024-07-02
67,Qasim,Zachariah,Male,22,0926179640,sachisaxena@example.org,6,2026-03-18
68,Pratyush,Chaudhary,Male,55,5850643171,anshbedi@example.com,9,2023-08-11
69,Dev,Jha,Male,55,+918393352,kalpitzachariah@example.com,4,2025-12-20
70,Gagan,Choudhary,Male,22,0205395024,dateoviya@example.net,12,2023-01-21
71,Azad,Soni,Male,32,0589178390,tara00@example.com,2,2026-03-06
72,Sai,Sandhu,Male,39,1771159212,ekta69@example.net,2,2023-10-30
73,Utkarsh,Tiwari,Male,35,6118367365,arastogi@example.net,11,2022-12-23
74,Nirja,Sane,Female,31,0452711116,kalpit80@example.net,9,2024-12-17
75,Nitesh,Das,Male,54,0560494519,mohammedsubramaniam@example.org,10,2026-03-06
76,Darika,Palla,Female,33,5149368998,lokeayush@example.org,13,2023-09-26
77,Nilima,Nori,Female,44,0022961201,krishasaini@example.com,4,2024-01-09
78,Farhan,Pingle,Male,24,0599102290,saanvi67@example.net,11,2024-06-14
79,Triya,Mahajan,Female,40,+918156149,kannanmegha@example.net,7,2022-10-22
80,Aarini,Jayaraman,Female,47,0324451076,lajitawalia@example.net,14,2023-07-21
81,Zashil,Pandya,Male,59,+916060715,ssahni@example.org,11,2024-04-18
82,Advaith,Nair,Male,21,+919751613,randhawadayita@example.net,7,2024-01-07
83,Janya,Nath,Female,24,+911818835,dhingraaahana@example.org,4,2023-04-24
84,Faraj,Borra,Male,30,+917799799,ebir@example.com,9,2025-04-04
85,Nidra,Maharaj,Female,26,0581477005,faraj19@example.net,7,2024-09-23
86,Rehaan,Shere,Male,35,8079359782,seshadriharshil@example.com,8,2025-08-11
87,Brijesh,Thaman,Male,22,2037788925,barkha66@example.com,8,2025-06-17
88,Atharv,Natt,Male,21,+915186449,inayamukherjee@example.net,11,2025-07-18
89,Rohan,Dayal,Male,23,1486528168,andrew54@example.org,15,2023-06-26
90,Onkar,Sunder,Male,28,+913221418,karan96@example.org,7,2023-04-07
91,Hemangini,Gandhi,Female,48,7065379473,dayamaisingh@example.org,4,2024-02-20
92,Urvi,Shenoy,Female,21,0688623924,jprabhu@example.org,3,2025-08-07
93,Yauvani,Dash,Female,18,0124782613,avi60@example.com,7,2024-09-15
94,Ridhi,Keer,Female,47,0153051522,urmi27@example.com,5,2025-03-10
95,Aahana,Buch,Female,53,+914328986,jairaj03@example.com,11,2025-04-16
96,Vasudha,Bhatnagar,Female,27,+917980893,panditwridesh@example.net,4,2024-05-06
97,Idika,Chada,Female,31,5188888067,ramkashvi@example.com,1,2025-10-01
98,Abhiram,Parikh,Male,38,+915319520,ucchalsrinivas@example.net,1,2023-05-08
99,Ekansh,Bhatnagar,Male,55,7043030548,qsolanki@example.org,8,2025-10-11
100,Girish,Mangal,Male,21,0054156676,watikatank@example.com,9,2026-07-03
101,Kiaan,Butala,Male,29,6169284511,chakrika47@example.net,2,2025-08-16
102,Tanay,Ganesan,Male,33,7570596401,gpatla@example.net,7,2025-06-18
103,Fariq,Balasubramanian,Male,54,+919702135,dubeshivani@example.com,4,2024-02-26
104,Tristan,Bose,Male,57,2856543102,yvasa@example.net,2,2023-01-27
105,Lekha,Lad,Female,60,7394731217,saichahal@example.net,10,2026-03-03
106,Odika,Palan,Female,34,1884422583,iyerliam@example.org,4,2025-12-07
107,Xiti,Bal,Female,33,0895782911,hsrinivas@example.com,5,2025-11-04
108,Tara,Borah,Female,26,+915177852,rachitathakkar@example.org,11,2026-02-09
109,Diya,Vasa,Female,47,+914225358,anvidass@example.net,6,2023-11-11
110,Chakradhar,Thakkar,Male,18,2992299590,bumbchakradev@example.net,8,2025-11-07
111,Kevin,Kade,Male,22,6907844736,sudiksha10@example.org,9,2024-06-10
112,Sarthak,Sule,Male,50,0359255562,nagarwyatt@example.com,5,2023-02-04
113,Kiaan,Sengupta,Male,40,+912104696,ranveer27@example.net,15,2024-07-23
114,Zaid,Morar,Male,33,0016873395,mandawarda@example.net,6,2026-04-29
115,Vrinda,Mangal,Female,28,0162456506,hayerjanani@example.net,8,2023-10-20
116,Bina,Raju,Female,57,7849912165,jasmit23@example.net,13,2024-09-26
117,Sai,Tella,Male,60,+910025787,falaknagar@example.org,14,2024-03-30
118,Netra,Nayar,Female,60,8879470551,ymorar@example.net,2,2026-04-13
119,Agastya,Som,Male,34,0993097289,xavierbalay@example.net,2,2025-07-21
120,Christopher,Halder,Male,53,+917562636,devizilmil@example.org,3,2024-12-16
121,Omaja,Sridhar,Female,36,6527858549,phanda@example.com,10,2024-12-11
122,Manthan,Kar,Male,39,0437575844,wrana@example.org,4,2023-10-23
123,Anvi,Mani,Female,50,1574733848,laksh19@example.net,8,2025-01-25
124,Kashvi,Kibe,Female,21,+918330165,dugarniharika@example.net,2,2026-07-20
125,Vyanjana,Sood,Female,35,3454019380,omishagoda@example.org,1,2026-02-16
126,Rushil,Tandon,Male,39,+914004991,gdesai@example.com,13,2023-09-25
127,Gopal,Chowdhury,Male,58,0274205493,gsane@example.com,5,2022-12-10
128,Sai,Chandran,Male,46,+912753046,chasmum99@example.org,9,2023-09-08
129,Radha,Keer,Female,53,+911742684,theodoredeol@example.com,1,2023-03-23
130,Utkarsh,Prakash,Male,22,0878339187,faras91@example.org,15,2026-02-05
131,Zayyan,Jain,Male,52,8225871397,uppalsanaya@example.org,1,2024-07-02
132,Ekaja,Varghese,Female,55,0790874064,elijahbath@example.com,9,2024-01-15
133,Azad,Bhasin,Male,45,+917046226,fprashad@example.net,3,2025-05-22
134,Ekalinga,Pall,Male,37,+912868230,ywali@example.org,6,2023-08-17
135,Victor,Pal,Male,40,+914310690,bandisanya@example.net,4,2025-06-06
136,Arjun,Konda,Male,60,0673830284,eiravatinagi@example.org,2,2023-11-09
137,Eshana,Verma,Female,53,+916440892,padmanabhanlakshmi@example.net,15,2023-12-06
138,Turvi,Rege,Female,57,+914628733,sacharomaja@example.net,12,2024-10-29
139,Ekalinga,Rama,Male,33,+914351751,krishna99@example.org,14,2026-04-16
140,Balhaar,Guha,Male,29,8373540331,skibe@example.net,15,2025-07-26
141,Ishani,Ranganathan,Female,19,+918546785,gshukla@example.net,3,2024-07-27
142,Odika,Jani,Female,44,0560932048,victor69@example.org,13,2024-09-11
143,Om,Kurian,Male,35,0772522872,viswanathanbahadurjit@example.org,3,2026-01-19
144,Arjun,Ahuja,Male,42,0231203875,bsura@example.org,14,2024-11-01
145,Samesh,Arora,Male,48,+918484086,wrideshhanda@example.net,4,2024-10-23
146,Jonathan,Pandya,Male,47,0615679334,chandernidra@example.com,6,2024-03-05
147,Vyanjana,Bhalla,Female,32,0217659180,siddharthsoman@example.com,4,2022-10-09
148,Baljiwan,Mand,Male,60,9025039261,nicholas93@example.net,4,2026-02-14
149,Saumya,Zachariah,Female,39,0621850163,mekhala50@example.net,5,2023-09-26
150,Umang,Swaminathan,Male,35,+915866296,ethanbutala@example.com,6,2023-03-25
151,Sachi,Dube,Female,52,6551104754,deogagan@example.org,6,2024-05-28
152,Udarsh,Vala,Male,25,0101581995,manneodika@example.com,15,2025-11-20
153,Chaman,Kibe,Female,29,8262244472,ganeshradhika@example.com,10,2024-05-13
154,Netra,Sule,Female,20,+915437993,abeer65@example.net,2,2024-03-10
155,Omya,Sarraf,Female,40,0692459375,snagar@example.net,12,2025-07-12
156,Xalak,Kibe,Female,45,0646519398,shenoyshaurya@example.com,10,2025-12-19
157,Madhav,Biswas,Male,42,0724342661,irattan@example.net,15,2026-07-02
158,Shaurya,Bansal,Male,34,0891135290,ynarula@example.com,1,2023-01-09
159,Aashi,Chaudhari,Female,18,0388899375,jtella@example.com,9,2022-09-05
160,Wyatt,Cheema,Male,41,0611254573,epall@example.org,7,2024-06-08
161,Upkaar,Nagar,Male,60,+914010512,gangasandhu@example.com,15,2023-07-24
162,Tanmayi,Gour,Female,57,+916609379,sameshmallick@example.net,6,2026-01-05
163,Azad,Chaudry,Male,37,2553714785,lramanathan@example.org,9,2024-01-20
164,Qushi,Shankar,Female,60,2499125134,goswamikashvi@example.net,7,2023-03-05
165,Yashodhara,Rama,Female,43,0929662782,vrishtimani@example.org,12,2023-05-15
166,Nisha,Seshadri,Female,53,0507236887,aswamy@example.net,3,2026-02-22
167,Tristan,Suresh,Male,44,+911903404,tanvitandon@example.net,11,2024-09-29
168,Dayita,Comar,Female,29,0858078361,bachittar74@example.com,10,2026-03-29
169,Chameli,Sarna,Female,43,+913395962,danielpanchal@example.net,9,2023-10-08
170,Frado,Naik,Male,37,4494812604,kevinkrish@example.org,5,2025-08-07
171,Naveen,Kota,Male,45,6729466711,vvarma@example.com,13,2025-07-12
172,Raksha,Sha,Female,47,0590175186,fkakar@example.com,8,2023-12-12
173,Meghana,Nazareth,Female,31,9297500170,dugarridhi@example.com,9,2022-07-30
174,Upadhriti,Jain,Female,28,2424154152,randhawadalaja@example.net,11,2025-07-19
175,Jackson,Sanghvi,Male,36,1103712938,aandra@example.net,9,2024-01-13
176,Dipta,Sami,Female,23,2713611155,laksh62@example.net,14,2025-06-14
177,Ekbal,Biswas,Male,37,9092753269,fkalla@example.org,4,2023-03-03
178,David,Rajagopalan,Male,27,0652341389,avi43@example.net,1,2025-02-25
179,Girindra,Ramanathan,Male,33,0037613791,pateledhitha@example.org,8,2024-03-20
180,Shivansh,Pau,Male,47,2710910430,raoyashawini@example.com,7,2025-03-31
181,Zashil,Sagar,Male,42,0618892414,nachiketyadav@example.com,8,2024-03-26
182,Bhavini,Mukherjee,Female,33,6303161799,moreparth@example.org,3,2022-08-17
183,Ekapad,Apte,Male,24,+917588425,nayakpushti@example.com,13,2024-10-19
184,Bhavika,Lall,Female,32,9177850792,nakul41@example.net,3,2025-06-10
185,Devika,Kari,Female,21,8000307562,balendrasaini@example.org,9,2023-12-10
186,Jeet,Saha,Male,25,5419518023,rattanekapad@example.com,8,2026-04-04
187,Lohit,Mukhopadhyay,Male,47,0187053494,ucchalpillay@example.net,11,2024-09-02
188,Indira,Korpal,Female,46,+910603850,hemang38@example.org,10,2024-05-11
189,Xalak,Bhasin,Female,53,+914103865,tiwarikiaan@example.net,8,2026-01-22
190,Ronith,Borde,Male,48,9062344565,sneha43@example.org,8,2023-06-08
191,Ekanta,Chopra,Female,33,+911277561,dmorar@example.com,14,2026-03-14
192,Dipta,Chana,Female,51,+914903521,mistryabha@example.org,8,2022-09-15
193,Samaksh,Sethi,Male,35,8317121003,rudrarattan@example.com,8,2025-06-29
194,Brijesh,Lad,Male,36,+910137215,gangulyrachita@example.net,4,2024-04-02
195,Yadavi,Balan,Female,39,0625324472,chakrikatara@example.com,6,2026-04-30
196,Wriddhish,Bhat,Male,26,+914626383,varsha87@example.com,3,2026-06-15
197,Zayan,Nagy,Male,42,0420593040,viraj21@example.org,12,2025-05-14
198,Jai,Lata,Male,31,0396522395,ayaan59@example.net,2,2023-03-06
199,Ijaya,Tailor,Female,44,4270103930,vacharya@example.net,6,2023-06-06
200,Eiravati,Oak,Female,44,2500292185,prakashmeghana@example.net,1,2023-01-01
201,Om,Mittal,Male,44,0226752895,kritikamohanty@example.net,7,2025-07-02
202,Manan,Datta,Male,54,+910969029,tanejalohit@example.com,7,2025-09-28
203,Brinda,Khanna,Female,18,0521570433,aahana10@example.org,6,2024-03-19
204,Urvashi,Saini,Female,42,+916765861,siyaborah@example.org,14,2023-10-30
205,Aishani,Nagar,Female,52,0115262181,bbalasubramanian@example.net,12,2023-04-11
206,Teerth,Dugar,Male,49,+911533688,gopalbawa@example.com,4,2025-01-02
207,Xalak,Dube,Female,45,+915061497,onkarmanne@example.org,8,2024-08-02
208,Dalbir,Morar,Male,42,0774186256,sanayabasu@example.com,6,2024-06-11
209,Vidhi,Lall,Female,28,+914902115,darshram@example.net,14,2024-05-09
210,Vyanjana,Keer,Female,26,0416089899,senoscar@example.org,10,2023-06-23
211,Gopal,Date,Male,43,+916163294,jranganathan@example.com,10,2026-03-20
212,Lakshit,Venkatesh,Male,23,0099861622,cherianharrison@example.com,11,2026-04-06
213,Pooja,Roy,Female,26,0679970246,zbarad@example.com,14,2025-07-05
214,Kashish,Bawa,Female,29,7450544471,krishmital@example.net,1,2024-06-16
215,Oeshi,Luthra,Female,42,6913736785,varmanathan@example.org,6,2023-11-24
216,Zehaan,Raval,Male,47,+918902330,patelrushil@example.com,6,2024-02-21
217,Vedika,Tiwari,Female,42,0103579727,hemangini24@example.net,5,2026-02-08
218,Chandani,Mane,Female,34,+916029333,andraurvi@example.org,14,2025-04-29
219,Gabriel,Anand,Male,48,+914944665,rmittal@example.net,1,2026-01-29
220,Rushil,Chaudry,Male,40,+918589944,aradhana54@example.com,4,2025-05-13
221,Manthan,Guha,Male,59,+918309652,omya66@example.net,1,2022-09-21
222,Girish,Oza,Male,33,3875842824,sinhakabir@example.net,4,2023-09-03
223,Gavin,Nayak,Male,57,1353465549,ubika17@example.org,3,2026-04-04
224,Balendra,Sodhi,Male,26,+918168460,nimrat97@example.org,8,2023-12-02
225,Gautam,Buch,Male,54,0525007432,vrishtichakrabarti@example.org,4,2025-03-09
226,Urishilla,Sanghvi,Female,34,0676008350,andrewagrawal@example.net,13,2025-09-10
227,Kritika,Kara,Female,28,5421689421,misrabina@example.com,10,2025-09-01
228,Om,Saraf,Male,28,2575326033,siddharthbains@example.net,5,2024-09-19
229,Frado,Dasgupta,Male,55,0064890901,daliaomaja@example.com,1,2024-03-10
230,Diya,Krishnan,Female,54,0230461849,omyacheema@example.net,11,2025-08-18
231,Dhriti,Mandal,Female,43,+911739348,naveen08@example.com,12,2026-06-12
232,Hemang,Srivastava,Male,22,0300119721,chaudhuriaahana@example.net,10,2023-07-23
233,Vedant,Minhas,Male,24,0701204556,bathaditya@example.org,12,2025-05-24
234,Harinakshi,Narasimhan,Female,56,0794155216,ymagar@example.net,13,2026-03-11
235,William,Sama,Male,54,2120216979,ngolla@example.com,13,2025-11-20
236,Praneel,Balakrishnan,Male,40,2771670145,vohraudarsh@example.net,9,2026-04-15
237,Pallavi,Venkataraman,Female,60,9163756289,aptenaksh@example.net,6,2026-03-08
238,Wahab,Tandon,Male,50,+911753540,prau@example.org,11,2024-07-11
239,Vamakshi,Sem,Female,18,+917751701,chanddaksha@example.net,14,2024-12-18
240,Ishanvi,Shan,Female,49,0503758997,gcomar@example.net,2,2023-07-08
241,Aadhya,Om,Female,41,0488510272,kumarrohan@example.org,11,2023-02-01
242,Shravya,Kale,Female,27,0351609177,wishiagrawal@example.net,7,2025-09-14
243,Arjun,Sant,Male,51,7829221699,yamini66@example.net,11,2026-06-20
244,Kritika,Mahal,Female,57,0547226984,teerth33@example.net,13,2025-08-11
245,Mohini,Pai,Female,47,2288515879,swalla@example.com,7,2026-01-04
246,Abha,Virk,Female,38,+910620034,davidmerchant@example.org,14,2025-10-11
247,Amol,Parmer,Male,23,0198386384,aram@example.net,5,2023-11-26
248,Avni,Arya,Female,33,4397359893,chaitalysen@example.org,13,2025-06-23
249,Bishakha,Grover,Female,54,+918160648,abdul57@example.net,10,2026-07-24
250,Garima,Baral,Female,39,+915909479,thomas28@example.org,1,2025-12-01
251,Yashawini,Dutta,Female,38,0886153355,tejas98@example.com,3,2024-12-17
252,Aarna,Contractor,Female,31,5739930561,ikunda@example.net,6,2023-10-11
253,Amaira,Varughese,Female,39,0887704358,ganeshabhimanyu@example.net,5,2022-11-07
254,Jagrati,Kala,Female,53,6138612075,chahalethan@example.org,1,2023-05-01
255,Jeremiah,Bobal,Male,23,3466766506,warriorabeer@example.net,4,2025-08-20
256,Bhavika,Bath,Female,49,1581449147,qrana@example.org,9,2024-08-03
257,Farhan,Walla,Male,48,+912684245,jatinbarman@example.org,11,2025-01-03
258,Shravya,Yogi,Female,46,1435368222,zayyanhari@example.org,13,2023-05-06
259,Avi,Shenoy,Male,23,8141413975,kabir31@example.com,5,2025-03-17
260,Bakhshi,Hari,Male,43,0775949299,priya20@example.com,12,2023-08-15
261,Indrajit,Sarin,Male,37,0525777547,gillfinn@example.com,11,2026-03-23
262,Ekiya,Yohannan,Female,48,+914110809,balhaarlad@example.net,9,2026-05-17
263,Vrishti,Dixit,Female,45,0639427881,yadavi03@example.net,12,2025-06-25
264,Gayathri,Varkey,Female,40,+917229927,ekata@example.com,12,2024-02-22
265,Kamala,Basak,Female,35,3856770051,adya98@example.net,5,2023-04-25
266,Riya,Radhakrishnan,Female,32,0918463865,msubramaniam@example.org,2,2024-09-15
267,Ekaraj,Sarraf,Male,38,+913184322,karpeoeshi@example.com,2,2025-08-20
268,Dakshesh,Subramaniam,Male,30,7739260302,krishvala@example.org,4,2026-05-12
269,Falak,Bhalla,Female,35,+914286990,esinha@example.org,12,2023-07-04
270,Tripti,Dhar,Female,24,2984257991,kritikarajan@example.org,14,2023-01-13
271,Abhiram,Jain,Male,36,8629127990,chandervasatika@example.net,4,2023-02-16
272,Aachal,Sankar,Female,29,6508637659,sandalkrish@example.com,5,2024-08-08
273,Jackson,Chacko,Male,52,0986430098,prashadsamesh@example.net,3,2025-12-29
274,Nisha,Rege,Female,20,0126944869,mekhala36@example.net,1,2025-11-27
275,Warhi,Gola,Female,26,0887449562,sanyaedwin@example.org,11,2023-06-27
276,Yashoda,Rattan,Female,24,0890260127,echakrabarti@example.com,14,2023-07-08
277,Qasim,Buch,Male,54,0669849027,manne@example.net,5,2026-07-13
278,Yochana,Mangal,Female,48,+910988392,dugargabriel@example.com,8,2025-11-21
279,Sudiksha,Pandit,Female,29,6693801184,idika43@example.net,1,2023-05-27
280,Vasana,Raval,Female,48,0426818184,jackson84@example.net,2,2026-01-12
281,Jeremiah,Savant,Male,43,0973577907,ekansh63@example.net,8,2025-07-22
282,Ishwar,Mutti,Male,54,0588043416,gokhalevamakshi@example.com,11,2024-01-29
283,Ikbal,Luthra,Male,27,+913733343,nachiket11@example.org,3,2025-06-12
284,Xiti,Ahuja,Female,23,0759579472,mitali39@example.org,4,2022-10-21
285,Siddharth,Sridhar,Male,53,0856271875,arorashivansh@example.com,13,2025-01-16
286,Daksha,Nanda,Female,56,0942843479,qarin76@example.org,10,2024-05-10
287,Quincy,Patla,Male,51,0472929314,mraj@example.org,7,2025-12-22
288,Falguni,Solanki,Female,46,+912672885,raohardik@example.net,5,2023-04-08
289,Bhanumati,Kale,Female,37,0717545588,anmol61@example.com,10,2026-04-06
290,Hardik,Yohannan,Male,57,+914558771,kdhillon@example.net,12,2026-01-03
291,Om,Sama,Male,31,9961125355,amara96@example.com,11,2026-05-07
292,Tristan,Patil,Male,34,9876220234,kadeojas@example.com,11,2023-01-05
293,Champak,Bhatt,Male,28,0800681149,ramakrishnandayamai@example.org,4,2023-08-17
294,Lucky,Savant,Male,53,2282005577,sai28@example.org,2,2025-01-31
295,Vedant,Saran,Male,18,8457831745,jlad@example.com,7,2022-08-14
296,Aachal,Virk,Female,56,+915478077,vihaan08@example.com,8,2023-05-17
297,Tripti,Sarkar,Female,20,0326634163,bhavani84@example.com,4,2023-05-17
298,Bhavya,Gopal,Female,36,+914179749,doshichandran@example.net,12,2022-09-01
299,Idika,Chaudry,Female,22,0427031207,osha47@example.com,11,2024-07-18
300,Amol,Narayanan,Male,34,+912046187,harora@example.net,13,2023-08-19
301,Reyansh,Savant,Male,45,+910371837,brijeshverma@example.org,2,2023-08-26
302,Wridesh,Misra,Male,59,+915031365,randhawaxavier@example.org,3,2022-10-02
303,Vyanjana,Dubey,Female,27,0132719500,hredhaandass@example.com,2,2023-07-25
304,Nathan,Palan,Male,28,0306524077,vrishti39@example.org,13,2024-11-19
305,Priya,Naik,Female,56,7498218274,jeevika70@example.net,12,2024-09-21
306,Sachi,Goyal,Female,46,+919593518,ndube@example.com,2,2023-12-12
307,Tara,Nagy,Female,37,+911810220,hardikbalay@example.net,12,2025-04-20
308,Sara,Suri,Female,35,9940539103,dbuch@example.net,9,2022-10-31
309,Radha,Sagar,Female,46,0094801413,chaudhurivihaan@example.net,2,2024-03-18
310,Girish,Hans,Male,45,3928861957,kchawla@example.org,12,2024-11-29
311,Suhani,Thaman,Female,56,0289755855,mnaik@example.org,5,2024-12-19
312,Hredhaan,Prashad,Male,23,4577600490,chasmumahuja@example.com,4,2023-07-08
313,Hredhaan,Murty,Male,35,+914888992,nachiket24@example.com,10,2026-05-10
314,Jeet,Kaul,Male,29,0419693157,mchandran@example.net,8,2023-11-07
315,Anjali,Raj,Female,35,+910556613,modybenjamin@example.com,3,2024-11-13
316,Falguni,Narain,Female,58,3206799813,ymann@example.com,14,2023-03-15
317,Ekaja,Nayar,Female,23,+917908641,krishnasrivastava@example.net,8,2023-06-01
318,Widisha,Rana,Female,44,9389833146,gaurav16@example.com,6,2024-02-16
319,Priya,Halder,Female,60,0590425979,obasu@example.org,2,2025-06-27
320,Rachit,Dugal,Male,39,1103924051,shivani70@example.com,7,2023-06-18
321,Jagvi,Jani,Female,36,8487920698,kumeronkar@example.org,11,2023-10-13
322,Irya,Madan,Female,53,+917016451,lajitatrivedi@example.net,1,2022-12-30
323,Nisha,Sundaram,Female,23,8123878003,gauri76@example.net,6,2023-03-29
324,Adya,Palan,Female,38,5543840460,umang25@example.com,2,2025-05-14
325,Ekantika,Chahal,Female,50,6893639264,saumya82@example.org,14,2025-05-07
326,Ekapad,Jain,Male,60,+914826292,goureesha@example.org,14,2025-08-31
327,Amruta,Nagar,Female,44,0647423122,vihaan93@example.org,1,2025-06-30
328,Agastya,Parmer,Male,51,+917289752,nihalhans@example.org,6,2022-09-17
329,Tara,Aurora,Female,58,0633312797,bkoshy@example.com,8,2025-11-15
330,Ansh,Rai,Male,31,5699988081,cshan@example.org,5,2024-10-11
331,Rudra,Baral,Male,36,6803476447,pahalmenon@example.net,8,2026-06-25
332,Avni,Varughese,Female,25,+917718129,cnaik@example.org,1,2023-05-02
333,Utkarsh,Jaggi,Male,28,0145211175,nvaidya@example.org,5,2024-03-08
334,Ranveer,Bassi,Male,53,+915922220,omani@example.org,7,2023-01-27
335,Dominic,Jain,Male,32,+919407778,teerthsoni@example.com,14,2024-04-26
336,Timothy,Buch,Male,47,9038498302,christopherpalla@example.org,2,2023-03-11
337,Amol,Misra,Male,49,0101622499,tamannaparsa@example.org,15,2022-12-20
338,Netra,Naidu,Female,50,0616814721,odika83@example.net,12,2023-06-18
339,Barkha,Chopra,Female,44,8179469548,kai99@example.com,14,2024-10-13
340,Yadavi,Tailor,Female,48,+919343010,csachdev@example.com,4,2024-01-23
341,Jagvi,Apte,Female,53,3441448850,nathharita@example.com,3,2025-08-27
342,Amrita,Gill,Female,30,+915577027,turvi60@example.net,15,2023-11-06
343,Nakul,Wason,Male,22,+913955124,lopagrover@example.net,5,2023-01-26
344,Nikita,Murty,Female,39,0461735743,parth15@example.org,15,2025-11-18
345,Isha,Chanda,Female,18,0807823578,luke18@example.net,5,2023-02-20
346,Ishanvi,Bansal,Female,55,0681040915,chauhandevika@example.org,10,2025-01-11
347,Nimrat,Kadakia,Female,27,0334485714,anushacontractor@example.org,8,2025-03-22
348,Yasti,Chaudry,Female,40,+918585424,mukhopadhyayhamsini@example.net,6,2024-06-17
349,Arya,De,Female,47,+917016016,tparekh@example.com,15,2026-01-18
350,Ira,Walla,Female,30,+917921717,udarshdhawan@example.net,12,2023-09-02
351,Qabil,Ramanathan,Male,54,+915577017,sgarde@example.com,7,2025-02-21
352,Devansh,Trivedi,Male,44,+916158148,nkhare@example.org,1,2024-11-26
353,Gauri,Subramaniam,Female,48,0153966958,farassur@example.org,12,2025-02-02
354,Vedika,Nanda,Female,42,1724619196,warda01@example.org,11,2026-01-18
355,Ekaraj,Acharya,Male,49,+912784699,chandani94@example.com,1,2025-08-17
356,Orinder,Chakraborty,Male,50,0986240580,parmerimaran@example.com,10,2026-04-03
357,Amruta,Keer,Female,24,0965666683,mdewan@example.net,14,2024-03-17
358,Radha,Sahni,Female,24,+914220102,devanojasvi@example.com,9,2026-05-17
359,Unnati,Gole,Female,18,0868765326,tarawarjas@example.net,12,2024-09-15
360,Krish,Roy,Male,44,9500975197,dharati@example.com,14,2024-10-09
361,Balveer,Virk,Male,22,1371894905,singhsudiksha@example.net,8,2026-06-05
362,Vrinda,Narula,Female,39,0544209494,kgara@example.org,10,2025-05-13
363,Mugdha,Bala,Female,59,0712814429,aarini01@example.net,2,2023-04-26
364,Forum,Sekhon,Female,52,0243728051,warhisachar@example.com,7,2023-08-02
365,Urvi,Ganesh,Female,58,+919504102,vamakshi83@example.com,12,2025-06-24
366,Saumya,Som,Female,52,0286047658,waliirya@example.com,1,2025-03-03
367,Laban,Nayak,Male,33,0414967393,pranit58@example.org,11,2025-06-08
368,Aarna,Bir,Female,32,+916181753,bajwageorge@example.org,12,2026-07-25
369,Ikbal,Dara,Male,45,1192692124,unni17@example.com,2,2025-11-05
370,Tanay,Naik,Male,46,0214066504,ridhiboase@example.com,3,2026-07-10
371,Irya,Ramaswamy,Female,19,+917128639,banerjeeelijah@example.org,1,2025-01-01
372,Ladli,Sehgal,Female,21,+917200642,varmavritti@example.com,5,2024-06-05
373,Tamanna,Boase,Female,41,3067198554,obhakta@example.net,7,2022-12-16
374,Qadim,Warrior,Male,33,0174328063,ochhabra@example.net,9,2024-02-07
375,Widisha,Chad,Female,54,7320309376,zachariahdarika@example.com,11,2024-11-04
376,Umang,Babu,Male,28,+915050613,virajbora@example.org,3,2025-09-13
377,Ekavir,Suresh,Male,57,0790320204,shanonkar@example.net,14,2022-11-05
378,Damyanti,Comar,Female,57,0993136565,ekantakala@example.org,11,2025-02-04
379,Gabriel,Nayak,Male,49,+911426258,deolharish@example.net,15,2025-03-06
380,Raghav,Dugar,Male,32,+917100219,samueldhar@example.net,8,2023-09-22
381,Yutika,Seshadri,Female,47,0329092791,omya08@example.org,5,2023-05-23
382,Daniel,Wagle,Male,47,+919588373,dixiturvi@example.com,15,2023-04-28
383,Gauri,Bassi,Female,52,+915436459,yogipatrick@example.org,3,2025-11-30
384,Akshay,Sundaram,Male,46,1137995635,imarannanda@example.org,6,2022-12-28
385,Kashish,Sachar,Female,58,+916317970,ygokhale@example.com,7,2023-02-25
386,Vasudha,Hari,Female,47,5435209042,shrofftara@example.com,14,2023-04-20
387,Pavani,Kannan,Female,30,0929298316,lkalita@example.com,7,2026-02-18
388,Vedhika,Mallick,Female,24,+916335693,sahnichaitanya@example.org,4,2024-07-29
389,Yashawini,Bandi,Female,54,0867177318,ikamdar@example.com,6,2023-10-31
390,Kashvi,Chana,Female,36,+917427990,ygoyal@example.com,1,2025-03-28
391,Vedika,Agarwal,Female,35,1658046498,farisnayak@example.net,1,2026-07-16
392,Ayaan,Varma,Male,56,5016579055,ekalingajayaraman@example.org,12,2023-12-31
393,Kashvi,Zacharia,Female,36,+917933554,bhatnagarkashish@example.com,13,2024-06-30
394,Xavier,Thaker,Male,56,1788479513,fchahal@example.com,13,2026-05-23
395,Hemal,Mani,Female,32,+911241272,omaja82@example.com,11,2024-01-18
396,Shivansh,Sawhney,Male,57,0431038569,eta79@example.net,5,2025-07-15
397,Tristan,Shankar,Male,58,0924243754,iramane@example.com,2,2023-04-13
398,Faris,Wason,Male,37,0222231059,xlad@example.org,13,2023-06-12
399,Anika,Nadig,Female,20,0257828410,ddhillon@example.com,10,2023-03-28
400,Aahana,Tripathi,Female,26,0474929751,dewanjackson@example.com,2,2022-09-05
401,Suhani,Kannan,Female,38,0515093983,arinchacko@example.net,12,2026-03-09
402,Vansha,Chahal,Female,29,6375998056,prishapingle@example.com,4,2024-02-28
403,Abeer,Mane,Male,52,0547813767,paninisachdeva@example.org,15,2026-02-15
404,Chameli,Dhawan,Female,51,+914785196,oeshi28@example.com,9,2025-08-05
405,Ekantika,Iyengar,Female,28,+916487049,bkapur@example.org,5,2023-03-25
406,Lekha,Mital,Female,36,7146273014,mbhavsar@example.net,12,2024-02-10
407,Warda,Sarin,Female,25,0715890429,ekajashenoy@example.net,8,2023-02-24
408,Pranav,Gade,Male,27,+914565044,qadimchandra@example.net,13,2025-10-10
409,Fiyaz,Naidu,Male,43,0445189520,kashish76@example.com,14,2026-06-28
410,Gautami,Chaudry,Female,23,+912833898,esharma@example.org,13,2026-01-21
411,Ekaja,Badal,Female,18,0545279852,danitristan@example.org,5,2026-03-21
412,Ekavir,Karan,Male,47,0232161107,hegdehritik@example.org,6,2025-12-11
413,Yashvi,Bhargava,Female,55,0140140119,qasimpanchal@example.org,7,2022-12-17
414,Eta,Mall,Female,24,5528938911,wadhwateerth@example.net,11,2023-05-22
415,Lohit,Garg,Male,48,0138759271,isharaghavan@example.com,1,2023-06-26
416,Yasti,Kari,Female,57,0151718275,butalafalak@example.com,4,2023-01-24
417,Reyansh,Mander,Male,58,0947386463,lpillai@example.org,14,2025-06-10
418,Xalak,Cheema,Female,37,0781126691,patlarushil@example.com,11,2023-06-05
419,Tamanna,Das,Female,25,+916749946,gsundaram@example.com,3,2023-03-14
420,Utkarsh,Chokshi,Male,20,+914773201,golalavanya@example.net,5,2025-06-18
421,Omisha,Dua,Female,25,0991187734,qthaman@example.net,2,2024-01-13
422,Aditya,Balay,Male,52,0167567700,nitesh76@example.org,3,2023-11-26
423,Saumya,Sura,Female,47,+919788977,ramanadya@example.com,6,2025-02-01
424,Saanvi,Pandit,Female,55,0500902559,lajita16@example.com,12,2024-02-04
425,Samesh,Panchal,Male,44,+913334911,anmolyohannan@example.com,11,2022-09-25
426,Victor,Sami,Male,49,8640790569,knaidu@example.org,10,2026-01-04
427,Wishi,Chaudhry,Female,35,3578529456,watikaborra@example.net,1,2023-06-26
428,Mitali,Lanka,Female,31,+914963919,ekalinga98@example.com,8,2024-05-22
429,Jagrati,Palan,Female,33,+914846853,bgole@example.net,14,2025-07-25
430,Yauvani,Grover,Female,24,7374896908,janyashere@example.org,11,2023-08-06
431,Forum,Mital,Female,52,0651364424,nidrakhare@example.org,15,2023-03-18
432,Inaya,Bala,Female,21,+914778660,ayushkuruvilla@example.com,7,2025-05-17
433,Hema,Basak,Female,30,7001594165,ranganathanlogan@example.org,2,2023-01-18
434,Yamini,Dara,Female,23,9847139155,bkeer@example.org,11,2023-03-10
435,Chatresh,Gill,Male,59,+914764907,pallavi73@example.com,11,2026-04-25
436,Elijah,Patil,Male,21,0540900348,janani18@example.org,13,2026-03-22
437,Vaishnavi,Rama,Female,33,+916441343,rbandi@example.org,3,2026-01-27
438,Yatan,Sinha,Male,22,6561248156,sudiksha00@example.net,14,2025-04-20
439,George,Sawhney,Male,55,2063459112,zaitrade@example.net,4,2025-06-28
440,Samesh,Nagarajan,Male,39,0724295431,qabil66@example.net,13,2023-07-12
441,Advaith,Bajaj,Male,56,9317342069,jlad@example.org,1,2024-02-20
442,Harinakshi,Dalal,Female,27,+918677133,iraja@example.com,3,2026-03-20
443,Ishanvi,Kale,Female,29,0362620443,xkothari@example.net,2,2025-06-25
444,Veer,Chada,Male,26,+917256366,bhargavacharles@example.com,1,2026-07-14
445,Kamya,Sinha,Female,33,0990048964,kevin80@example.net,10,2023-05-03
446,Leena,Gara,Female,19,7572158624,munshichaitanya@example.org,3,2024-09-11
447,Meera,Patel,Female,21,0449485625,riabera@example.org,3,2023-03-16
448,Avni,Karpe,Female,51,+910742761,vedhika77@example.org,2,2026-03-03
449,Ethan,Dasgupta,Male,48,0134228499,vorapranit@example.com,8,2026-06-27
450,Brinda,Koshy,Female,50,0150416591,ayushbumb@example.com,10,2026-02-08
451,Wriddhish,Setty,Male,46,4905097592,chanakyamandal@example.com,9,2025-12-19
452,Ayaan,Bobal,Male,57,9616423610,nicholasrama@example.com,1,2023-10-14
453,Ganga,Dara,Female,47,0764925158,ysehgal@example.com,11,2023-09-19
454,Siddharth,Chana,Male,21,0592661085,mohammedtandon@example.net,8,2025-04-01
455,Zaitra,Chacko,Female,45,0761742243,kmerchant@example.org,11,2024-11-30
456,Balvan,Bath,Male,49,1866179454,thakuramol@example.org,12,2025-09-21
457,Vedhika,Gola,Female,22,+916016459,harita23@example.org,15,2022-11-27
458,Kai,Cherian,Male,38,0800610277,nmitter@example.net,10,2024-02-09
459,Rudra,Mittal,Male,22,+912203103,wyattsarin@example.net,3,2026-03-23
460,Ikshita,Chadha,Female,57,0727601227,cbahri@example.net,11,2023-08-09
461,Isha,Menon,Female,42,6050166799,balhaar76@example.com,10,2024-10-03
462,Widisha,Kata,Female,47,0806958146,fdada@example.net,9,2026-07-26
463,Prisha,Sen,Female,24,6024375738,harinakshisidhu@example.org,13,2026-04-30
464,Manan,Ramakrishnan,Male,59,0572934172,nakshswamy@example.org,11,2025-12-12
465,Sarthak,Tak,Male,45,0338005452,bhattgeetika@example.com,8,2023-01-22
466,Ishaan,Dara,Male,44,3745508428,bediraksha@example.com,6,2026-02-25
467,Dayamai,Cherian,Female,43,9180812135,brindasathe@example.net,7,2024-09-10
468,Chandran,Dube,Male,38,5521376037,bhavini82@example.org,7,2023-09-15
469,Ria,Sachdeva,Female,60,0328632666,ayushman72@example.org,5,2025-08-16
470,Yauvani,Boase,Female,27,+915562606,venkateshchakrika@example.com,11,2024-04-13
471,Nidra,Murthy,Female,22,0048926738,zpai@example.net,2,2024-04-17
472,Hardik,Mitra,Male,23,+910856288,harini20@example.org,7,2026-05-12
473,Kai,Khurana,Male,41,0681054851,senchanchal@example.net,13,2025-09-15
474,Aarnav,Setty,Male,53,0399893544,krishnavenkatesh@example.net,1,2023-08-17
475,Damini,Narang,Female,60,9357126611,sandalkalpit@example.com,2,2023-06-27
476,Vansha,Brahmbhatt,Female,40,0869886497,usuri@example.com,14,2026-01-28
477,Gautami,Dhawan,Female,21,2772881377,dugarkala@example.org,5,2025-02-17
478,Tara,Choudhary,Female,40,+915940821,chaitaly70@example.org,2,2023-03-06
479,Shivansh,Bava,Male,27,0432701851,ksrivastava@example.com,11,2024-12-23
480,Varsha,Nazareth,Female,32,0792287772,routlila@example.org,14,2026-05-27
481,Rudra,Nori,Male,40,0741209481,hanschatresh@example.net,14,2024-10-16
482,Ijaya,Soni,Female,25,0182043397,wallaekani@example.com,13,2025-01-28
483,Aradhana,Swamy,Female,54,+915626085,chaudharyom@example.com,4,2023-03-09
484,Hemani,Kumer,Female,53,+912462095,madhavi15@example.org,13,2024-04-30
485,Neel,Kuruvilla,Male,56,0103399378,rcontractor@example.org,15,2023-12-05
486,Vedika,Ray,Female,19,+917063048,daksharay@example.com,3,2022-12-06
487,Yamini,Jani,Female,37,+915823868,pmann@example.org,15,2022-07-29
488,Bhanumati,Subramaniam,Female,40,0946539840,mitalgaurav@example.com,1,2025-07-17
489,Darsh,Dey,Male,27,8463985547,yatan55@example.org,10,2024-07-12
490,Omya,Babu,Female,22,2097002687,fyohannan@example.net,3,2025-05-05
491,Balvan,Yohannan,Male,23,+917156956,mprabhakar@example.com,12,2022-08-12
492,Indrajit,Bahri,Male,42,0531943375,waida93@example.org,7,2023-05-29
493,Siya,Choudhry,Female,39,0987283999,davedhruv@example.org,3,2023-09-05
494,Jhalak,Virk,Female,37,4308948706,naidurachana@example.com,12,2023-09-27
495,Divya,Vasa,Female,54,0758030468,abdul63@example.com,10,2022-12-03
496,Advik,Kara,Male,21,6133254110,zsankaran@example.org,3,2025-02-03
497,Oliver,Krishna,Male,57,+911735058,ochandran@example.com,1,2025-01-13
498,David,Chada,Male,35,+910651207,gbhatti@example.net,8,2022-10-23
499,Ati,Menon,Female,49,0619639907,nsangha@example.net,10,2023-01-02
500,Pallavi,Bal,Female,44,0859311091,jonathanupadhyay@example.com,5,2024-02-01
501,Shivansh,Srivastava,Male,50,9723200249,pvarghese@example.com,2,2023-11-24
502,Eta,Din,Female,45,0495450892,yashicabhagat@example.com,2,2024-01-14
503,Indira,Iyer,Female,55,3153779599,chandani65@example.org,8,2023-01-07
504,Vasana,Basak,Female,20,0303379337,zjha@example.org,4,2026-02-01
505,Aarini,Patil,Female,56,+911508124,caleb03@example.org,1,2023-10-13
506,Gagan,Kanda,Male,31,0258323024,devanladli@example.net,5,2025-12-03
507,Christopher,Nigam,Male,26,+914735528,dhawankalpit@example.org,13,2023-05-22
508,Zinal,Radhakrishnan,Female,36,5596309938,manthan53@example.org,6,2025-04-01
509,Logan,Date,Male,18,9731791286,wishi87@example.org,8,2023-12-10
510,Ridhi,Vora,Female,29,7774969033,siyakeer@example.com,3,2023-07-03
511,Niharika,Sandal,Female,52,0925481214,victor90@example.com,12,2024-10-01
512,Om,Sandhu,Male,50,0766575460,qkaur@example.net,9,2022-11-23
513,Rachita,Butala,Female,22,0888143111,iyergauri@example.org,7,2025-06-11
514,Nitesh,Krishna,Male,45,0439284044,lravi@example.net,1,2022-08-16
515,Vrishti,Vala,Female,22,+916333738,yoak@example.org,14,2023-11-27
516,Ijaya,Sanghvi,Female,54,6377805292,aditya75@example.com,7,2023-07-14
517,Ubika,Sandal,Female,58,6845909022,mahika63@example.com,7,2022-11-04
518,Sanya,Guha,Female,25,0159741218,sureshavi@example.org,7,2023-06-03
519,Bakhshi,Raju,Male,38,0334817058,etaroy@example.com,3,2023-03-29
520,Dayamai,Dayal,Female,41,6716323467,dayitajain@example.net,2,2025-08-15
521,Vasudha,Majumdar,Female,24,+910271693,dsharma@example.net,4,2022-09-27
522,Chandani,Mani,Female,55,7546926329,yshankar@example.net,7,2023-05-09
523,Champak,Ramaswamy,Male,43,0324841376,pillayfaraj@example.org,14,2024-09-19
524,Omaja,Rout,Female,39,0243807017,mohini36@example.org,4,2022-08-14
525,Ladli,Contractor,Female,28,2577711837,urishillamallick@example.org,2,2023-04-20
526,Aditya,Chaudhry,Male,51,+914186210,pranav30@example.net,9,2024-11-01
527,Hritik,Sathe,Male,40,0816470900,pjaggi@example.com,6,2026-06-09
528,Jagdish,Iyengar,Male,33,+910600531,chaitanyasagar@example.net,2,2023-01-12
529,Nihal,Naidu,Male,34,3938661331,ekiya20@example.com,4,2025-05-09
530,Nakul,Arora,Male,56,0373149501,xmitra@example.net,3,2024-09-12
531,Charan,Yadav,Male,29,2419562525,vbir@example.org,13,2025-02-28
532,Vanya,Raja,Female,47,3890309143,nkohli@example.org,13,2022-10-30
533,Ekantika,Prasad,Female,54,0432630397,arunimanadkarni@example.net,11,2025-12-02
534,Anusha,Verma,Female,58,0403553380,lakshmiverma@example.com,6,2023-05-10
535,Timothy,Ahuja,Male,46,+917130232,warindertripathi@example.org,2,2024-05-21
536,Vinaya,Mukhopadhyay,Female,46,+913362934,anitasrivastava@example.org,11,2024-02-07
537,Sneha,Purohit,Female,35,+917768962,wchacko@example.com,10,2025-02-07
538,Faraj,Gill,Male,40,0674746897,laban73@example.org,9,2026-06-21
539,Girish,Agrawal,Male,37,+918576665,regebalvan@example.org,8,2024-03-17
540,Gautami,Hari,Female,20,0458750663,xbanerjee@example.net,1,2025-07-30
541,Amrita,Divan,Female,36,0972439920,rajagopalanmitali@example.net,2,2025-01-24
542,Banjeet,Vasa,Male,57,+916264488,gchakraborty@example.net,10,2025-01-03
543,Pooja,Dhar,Female,47,0364027011,umani@example.com,10,2023-04-20
544,Gaurang,Prasad,Male,46,+912372817,danielgoswami@example.org,15,2023-09-04
545,Samarth,Sastry,Male,38,9121416141,ayushman93@example.com,10,2024-08-20
546,Daksha,Andra,Female,50,+914090138,vedika75@example.net,3,2024-05-26
547,Om,Prabhakar,Male,46,5535669055,aggarwaltanmayi@example.net,2,2024-04-13
548,Ekiya,Bal,Female,23,1843579786,aarushnagy@example.org,9,2025-04-08
549,Pranit,Bath,Male,20,5739769156,uchaudhry@example.com,4,2023-10-28
550,Indali,Dhar,Female,46,9802714872,edalia@example.net,9,2024-11-14
551,Jai,Kohli,Male,41,+912116025,vamakshi12@example.net,6,2025-04-08
552,Xalak,Chana,Female,42,5399156686,udantlad@example.org,7,2023-10-24
553,Chameli,Choudhury,Female,56,+915931952,mukhopadhyaydavid@example.net,1,2024-11-07
554,Ikshita,Rama,Female,22,0552899316,jmutti@example.com,6,2026-02-18
555,Imaran,Tata,Male,53,7294209548,mahalvanya@example.net,11,2026-02-05
556,Janaki,Talwar,Female,36,0605233027,nathaniel08@example.com,5,2024-01-04
557,Siddharth,Solanki,Male,39,0661844386,ekiyabhagat@example.net,2,2023-11-13
558,Veer,Gade,Male,40,2774233305,divankrisha@example.com,5,2025-06-18
559,Hamsini,Bhalla,Female,26,+915720185,ckonda@example.org,10,2023-08-07
560,Rushil,Suresh,Male,37,0926176475,dadafitan@example.org,9,2024-08-26
561,Yashoda,Kar,Female,59,+919997419,kmisra@example.org,13,2022-12-30
562,Omaja,Bhatt,Female,26,8260688871,johaljacob@example.org,11,2026-03-29
563,Gautam,Ahluwalia,Male,59,7510293218,bakhshi11@example.net,11,2023-11-04
564,Rajata,Garg,Female,50,0034084872,hmunshi@example.com,6,2025-02-24
565,Henry,Chaudhary,Male,41,0303243298,jagratimall@example.org,5,2025-09-03
566,Siddharth,Borde,Male,31,4462671462,ekavirluthra@example.net,6,2025-07-15
567,Inaya,Pradhan,Female,30,8926256609,farasmadan@example.org,4,2024-10-31
568,Christopher,Ray,Male,27,+915155423,ykapadia@example.org,2,2025-11-25
569,Diya,Gill,Female,24,4971859484,bavaonkar@example.com,9,2025-10-08
570,Robert,Golla,Male,60,0889679240,jonathandhar@example.com,6,2024-12-26
571,Kiaan,Bera,Male,56,5396727578,anya68@example.net,7,2026-04-28
572,Ishwar,Mody,Male,28,1465111312,chadbhavika@example.net,3,2026-07-12
573,Yatin,Anne,Male,46,0827788160,abhimanyusandal@example.net,1,2024-11-05
574,Pooja,Konda,Female,41,8909728321,kiaan85@example.org,11,2024-05-15
575,Yug,Raghavan,Male,46,+915153814,tanay09@example.com,10,2023-07-01
576,Niharika,Varma,Female,46,+917970509,hredhaan05@example.net,4,2023-05-14
577,Sai,Pant,Male,37,+911673188,jamble@example.net,13,2023-08-21
578,Jeevika,Singhal,Female,30,0545628417,loganpandya@example.net,6,2024-06-02
579,Aahana,Parmer,Female,47,3134026650,rushilsrinivas@example.net,13,2023-09-14
580,Dhriti,Sama,Female,42,0872568621,datenachiket@example.com,9,2024-09-12
581,Abha,Khalsa,Female,28,+915690674,nkota@example.org,14,2025-09-03
582,Girik,Krish,Male,56,0143637189,manthankarnik@example.org,3,2023-02-19
583,Suhani,Barad,Female,21,0326093106,vihaan35@example.com,11,2024-08-11
584,Bhavani,Uppal,Female,41,0041454563,gopalbanjeet@example.org,9,2022-10-17
585,Naveen,Kala,Male,51,0749162475,isaac10@example.net,14,2024-12-02
586,Dhruv,Narula,Male,36,0598953439,cheriankalpit@example.net,2,2025-09-24
587,Darpan,Barman,Male,35,3371189547,miteshbassi@example.org,8,2023-05-22
588,Shaurya,Krishnan,Male,45,5571617688,ganesananusha@example.net,2,2023-02-14
589,Maanav,Bath,Male,46,0367881278,zramakrishnan@example.net,15,2023-09-23
590,Ishanvi,Gour,Female,19,+912939087,thomas44@example.net,7,2023-01-30
591,Frederick,Kapur,Male,43,+918340242,jackagarwal@example.net,9,2024-01-19
592,Raksha,Nair,Female,33,+918426945,atigoda@example.com,7,2022-08-22
593,Chatresh,Raja,Male,41,4983735439,cdugal@example.org,4,2025-09-04
594,Teerth,Pillay,Male,38,+917172722,baghyawatibail@example.com,15,2023-04-08
595,Gaurang,Ramesh,Male,59,9312163761,advikchaudhry@example.com,6,2024-03-16
596,Advaith,Choudhary,Male,26,+910231429,frederick32@example.com,1,2025-10-21
597,Vamakshi,Gade,Female,48,0572308481,chauhanchaman@example.org,12,2024-09-30
598,Sarthak,Dhar,Male,48,+913036625,swamyomkaar@example.org,8,2023-07-12
599,Charan,Manda,Male,23,0195151092,vwali@example.net,1,2023-05-06
600,Unnati,Doctor,Female,31,4945147541,dixitmanan@example.com,14,2023-03-15
601,Robert,Sekhon,Male,53,7119642152,lekhapandit@example.com,12,2024-09-03
602,Unnati,Srivastava,Female,25,6952366878,iwalia@example.org,13,2024-03-17
603,Chakrika,Sama,Female,33,9313503058,hdeol@example.org,5,2026-06-13
604,Owen,Patel,Male,21,+914728633,dharkrishna@example.net,4,2022-09-07
605,Unnati,Prabhu,Female,58,+911917920,kondafaraj@example.org,13,2024-12-29
606,Turvi,Doctor,Female,22,+917284765,dugaldarpan@example.net,2,2022-09-16
607,Harini,Thakur,Female,56,+910667849,rdugar@example.org,9,2024-10-16
608,Ranbir,Dass,Male,58,3690362891,usood@example.net,9,2025-04-21
609,Samaksh,Rai,Male,27,+910563411,ayaan34@example.org,5,2024-11-16
610,Damyanti,Bhattacharyya,Female,18,+919043830,sulechakradev@example.org,10,2023-11-29
611,Charita,More,Female,33,+915468356,nikita81@example.net,10,2026-01-03
612,Falguni,Bajwa,Female,29,6790422711,tanveerdhaliwal@example.net,11,2023-04-05
613,Zashil,Varty,Male,51,9857254596,ramwilliam@example.org,6,2025-03-03
614,Baljiwan,Dua,Male,51,7102481717,omkaar42@example.org,9,2023-10-07
615,Qabil,Pandit,Male,42,+911274747,xbaral@example.com,14,2024-04-11
616,Tara,Dayal,Female,20,0589551687,bhandariyash@example.net,11,2026-01-24
617,Aarna,Dubey,Female,41,+914629613,unnati78@example.com,5,2023-01-14
618,Brijesh,Gole,Male,40,1663651559,skala@example.net,13,2024-08-06
619,Dakshesh,Mallick,Male,40,0082723590,zbhatia@example.com,4,2025-12-06
620,Tanveer,Solanki,Male,55,+910306442,nidhi14@example.net,12,2024-06-29
621,Ubika,Vohra,Female,26,+914201654,esubramaniam@example.net,1,2025-07-03
622,Gaurika,Sarkar,Female,52,0960893199,edhitha02@example.com,6,2026-07-18
623,Ethan,Tata,Male,47,0164807279,kamdarraghav@example.com,12,2025-07-14
624,Geetika,Purohit,Female,58,+915339055,tatatamanna@example.com,3,2024-04-26
625,Patrick,Pandey,Male,22,6851276528,rajataraj@example.com,12,2026-03-02
626,Urmi,Mander,Female,20,9111109617,sawhneyyahvi@example.net,5,2025-12-31
627,Amol,Mann,Male,20,0337861371,psachar@example.net,13,2025-11-28
628,Rudra,Amble,Male,20,0384444630,auroraatharv@example.org,6,2025-12-08
629,Ridhi,Venkataraman,Female,50,9552963863,zbehl@example.net,7,2024-05-25
630,Eesha,Ramakrishnan,Female,34,2658263128,ramanathanabha@example.net,1,2023-04-02
631,Neel,Jani,Male,36,+911060920,vbakshi@example.net,6,2023-02-16
632,Utkarsh,Parmar,Male,59,+913343836,dhawanarin@example.net,6,2025-01-13
633,Dalaja,Choudhry,Female,25,0911244211,sarthak61@example.com,13,2025-12-15
634,Alka,Sachdev,Female,45,+917136657,gokhaleazad@example.org,15,2024-01-12
635,Prisha,Sule,Female,46,9802841390,vasayauvani@example.org,15,2023-06-30
636,Rajata,Contractor,Female,39,+910523124,pallchaitaly@example.com,3,2025-09-28
637,Yachana,Sarin,Female,49,6342346199,noah37@example.com,6,2026-04-30
638,Vansha,Sampath,Female,23,4591966395,devansh72@example.org,12,2024-09-30
639,Lajita,Rout,Female,23,0985601256,yatan13@example.net,7,2024-02-26
640,Quincy,Dhillon,Male,52,0105053795,rajanbhanumati@example.net,5,2023-06-23
641,Zansi,Kalla,Female,24,+918491966,chandrantak@example.com,2,2022-10-09
642,Mahika,Sama,Female,60,+911729596,andrew90@example.com,5,2023-10-13
643,Ekaja,Rau,Female,46,+918805017,edhitha56@example.org,10,2024-12-09
644,Nirja,Tak,Female,28,0647715910,champakanne@example.org,12,2023-01-08
645,Ojasvi,Sarin,Female,40,+912135800,modifalan@example.com,8,2023-12-22
646,Ranveer,Madan,Male,40,2297125296,hdas@example.net,10,2023-08-06
647,Waida,Suri,Female,35,0573144158,farasborde@example.com,11,2022-10-30
648,Hitesh,Arya,Male,22,3763715398,devika72@example.net,11,2023-01-09
649,Eiravati,Kanda,Female,41,0679836314,damyantichaudry@example.org,9,2024-07-14
650,Chatresh,Choudhary,Male,19,+910724078,chadirya@example.com,3,2023-06-23
651,Forum,Ranganathan,Female,20,6850745106,shari@example.org,3,2024-04-14
652,Gaurang,Majumdar,Male,33,9786103131,banikamaira@example.org,13,2022-11-08
653,Zinal,Chaudhuri,Female,41,0396661347,samarpalan@example.net,7,2023-10-19
654,Maanas,Aggarwal,Male,56,+912897432,gaurangishah@example.org,3,2022-08-17
655,Vritti,Sangha,Female,41,0024120957,sureshyug@example.com,6,2023-01-14
656,Aradhana,Badal,Female,22,4388221145,vswaminathan@example.com,10,2024-11-22
657,Kabir,Sur,Male,51,0570545897,zilmil02@example.com,6,2026-03-20
658,Januja,Dhar,Female,38,0703965313,mahalshivani@example.net,11,2023-04-26
659,Libni,Palla,Female,33,0696443098,santsuhani@example.net,2,2025-12-11
660,Oscar,Mani,Male,29,+910727284,vidhi41@example.com,8,2022-08-22
661,Vasana,Baria,Female,53,+914910740,krishnamurthylakshit@example.com,2,2026-04-24
662,Meghana,Thakkar,Female,34,8214236914,azadsolanki@example.com,12,2023-08-19
663,Sanya,Sami,Female,31,0144942965,ryankrishna@example.org,10,2024-05-05
664,Irya,Mitra,Female,49,0149782661,gmunshi@example.net,4,2025-08-08
665,Praneel,Sidhu,Male,26,0676670806,chasmumkibe@example.net,14,2024-10-01
666,Rachit,Datta,Male,46,8940626078,fbhagat@example.org,3,2023-09-21
667,Damyanti,Nath,Female,23,1497501980,zaitradhawan@example.net,13,2025-09-21
668,Yachana,Deshpande,Female,60,+912440793,jaivenkatesh@example.org,6,2023-08-17
669,Harsh,Chawla,Male,53,0087601467,abhasarna@example.net,9,2025-03-13
670,Diya,Sankaran,Female,37,+910223288,bimala19@example.com,14,2024-02-19
671,Laksh,Raman,Male,58,0176620471,lapte@example.com,3,2022-09-19
672,Vamakshi,Basak,Female,50,0277402588,madhavi81@example.org,4,2025-05-12
673,Faqid,Pandey,Male,30,9572446176,kgole@example.net,13,2026-07-08
674,Zehaan,Vora,Male,33,0259959961,duttvincent@example.org,13,2025-05-27
675,Damyanti,Tata,Female,19,7533126610,ishwar01@example.com,6,2025-10-26
676,Ridhi,Balan,Female,47,+915176298,rsarma@example.com,13,2023-07-14
677,Harrison,Edwin,Male,57,0831901302,nikita98@example.org,15,2024-01-09
678,George,Wable,Male,22,0339785598,sarnaprisha@example.net,5,2024-03-04
679,Bimala,Brar,Female,48,+918411730,kapurbimala@example.com,9,2024-03-26
680,Rachita,Bir,Female,44,+914189389,choudhryurishilla@example.com,14,2025-05-08
681,Alexander,Bali,Male,26,0643502385,wakeetabora@example.net,6,2026-06-02
682,Andrew,Pal,Male,46,+916991872,tanejayashica@example.org,8,2025-05-04
683,Pushti,Sankar,Female,26,0430003896,yben@example.com,15,2025-07-13
684,Dev,Sani,Male,26,6821719553,rajeshri03@example.org,7,2022-12-18
685,Abdul,Karan,Male,25,0890030102,barkhabassi@example.com,9,2024-01-23
686,Jason,Master,Male,37,+919671114,thomas74@example.com,3,2025-11-22
687,Madhav,Konda,Male,38,4588105697,farhan32@example.net,15,2023-07-22
688,Michael,Kade,Male,40,+915203771,arunima96@example.com,9,2026-02-02
689,Chaman,Bhasin,Female,23,0967066703,qgour@example.com,5,2024-11-02
690,Atharv,Mody,Male,58,+918509549,ysane@example.net,9,2026-07-10
691,Barkha,Chopra,Female,26,6487699842,vsibal@example.org,11,2023-02-18
692,Advika,Mand,Female,57,4138459609,janaki44@example.net,9,2026-01-07
693,Abeer,Dash,Male,50,0954277070,parmervarsha@example.net,11,2026-03-01
694,Ikbal,Rege,Male,55,+919149851,aashi72@example.org,10,2025-04-03
695,Gagan,Din,Male,28,0310287950,darshlad@example.com,11,2022-08-23
696,Qushi,Zachariah,Female,54,0935118718,khalsasamar@example.com,1,2024-12-31
697,Quincy,Sagar,Male,23,+916420595,nmenon@example.org,1,2023-04-04
698,Raksha,Basu,Female,59,0290193588,tanveer69@example.org,4,2025-05-14
699,Falguni,Raj,Female,57,1139898681,sodhizinal@example.com,11,2023-12-03
700,Krish,Hayer,Male,49,4353537513,xrout@example.org,15,2024-01-26
701,Yashawini,Bose,Female,59,0793763928,mdevi@example.com,5,2025-12-16
702,Mekhala,Om,Female,33,0116682973,kaurora@example.org,13,2024-05-09
703,Lekha,Singhal,Female,37,1206021288,wsami@example.org,8,2024-04-13
704,Jai,Memon,Male,21,+915599910,vsengupta@example.com,3,2023-10-21
705,Waida,Desai,Female,44,2981209957,cnagi@example.org,8,2024-09-26
706,Meera,Chatterjee,Female,31,+914750988,ekantika65@example.org,6,2023-03-08
707,Ansh,Kade,Male,38,0849951542,anusha77@example.org,14,2026-05-04
708,Hamsini,Mani,Female,40,0913421388,baralrobert@example.org,7,2024-08-25
709,Agastya,Pingle,Male,41,+914967827,fsankaran@example.com,9,2022-12-10
710,Ekapad,Mallick,Male,38,1513152854,rvarghese@example.org,4,2025-07-30
711,Nisha,Barad,Female,25,0185380032,rkannan@example.org,5,2023-09-14
712,Vrinda,Doshi,Female,33,0274231830,swaminathansathvik@example.net,3,2023-05-01
713,Anirudh,Sahota,Male,21,4969357824,brindasundaram@example.com,5,2025-12-17
714,Shivani,Parikh,Female,57,7413146753,ldalia@example.com,7,2023-12-06
715,Dakshesh,Palan,Male,28,6277963044,nilimabhat@example.net,14,2025-11-08
716,Ojasvi,Lal,Female,54,5667664047,harinakshibath@example.com,12,2024-06-23
717,Tara,Kant,Female,30,2831995298,bailladli@example.org,13,2025-11-22
718,Ojas,Pandit,Male,49,1083583286,binaedwin@example.com,9,2023-12-25
719,Triveni,Kale,Female,49,3000818670,barkhamitra@example.org,15,2023-07-21
720,Krishna,Bandi,Female,49,0166241118,auroramax@example.org,1,2025-09-14
721,Rohan,Hari,Male,43,4568044731,urishilla64@example.com,9,2022-12-20
722,Janya,Ray,Female,33,4748836076,hritik73@example.net,4,2022-09-05
723,Sneha,Kata,Female,21,0579145211,sarthaksuri@example.net,1,2023-08-21
724,Chakrika,Dhaliwal,Female,49,0978930746,matthew05@example.net,10,2024-12-23
725,Tanvi,Ahluwalia,Female,36,0387875357,cheemapavani@example.net,9,2022-11-26
726,Raghav,Datta,Male,24,+912812371,vidhidey@example.net,7,2026-04-17
727,Shaurya,Rastogi,Male,34,+914164485,lohitmannan@example.net,12,2025-06-27
728,Ishani,Prabhu,Female,43,9477352287,nadkarniomaja@example.org,6,2023-03-19
729,Wahab,Bhavsar,Male,43,+914331875,edugar@example.com,1,2025-04-12
730,Isaiah,Pai,Male,41,0344694596,samaksh19@example.org,9,2023-01-04
731,Janaki,Mammen,Female,22,+914912896,urvashi32@example.org,7,2025-11-26
732,Kala,Kalita,Female,53,+919222705,qsandal@example.com,5,2023-12-19
733,Matthew,Tella,Male,26,+913866675,kalaojas@example.net,2,2026-02-12
734,Maya,Dhar,Female,41,0877418652,unnati56@example.org,13,2025-03-13
735,Ikshita,Raja,Female,53,0203758309,girindra54@example.net,6,2026-06-29
736,Abeer,Mahajan,Male,30,+914760440,lswaminathan@example.com,10,2025-10-05
737,Damini,Barad,Female,50,0092221610,murthygunbir@example.net,1,2023-10-03
738,Gunbir,Badal,Male,20,0529580660,yachanadivan@example.net,3,2023-09-16
739,Chakrika,Gera,Female,48,0049386204,jacob57@example.net,9,2026-02-16
740,Chameli,Sheth,Female,27,+911121259,kavyasharma@example.org,10,2026-04-21
741,Jatin,Morar,Male,38,3240642429,odika33@example.com,15,2026-05-01
742,Irya,Goel,Female,28,0474175955,cgarde@example.net,7,2024-03-19
743,Garima,Yogi,Female,55,3654358841,aarnakamdar@example.com,6,2023-09-07
744,Anamika,D’Alia,Female,54,2727955969,naiduhenry@example.net,5,2024-02-06
745,Aarna,Dutt,Female,19,0755125427,anthonysarna@example.net,6,2024-07-07
746,Urishilla,Rastogi,Female,25,0345957640,samapooja@example.com,7,2025-01-11
747,Suhani,Balakrishnan,Female,58,+918249839,chanadayamai@example.org,1,2025-12-25
748,Prisha,Shanker,Female,34,0270232441,samarsarkar@example.org,11,2025-08-26
749,Jason,Dube,Male,21,8507251786,urmipuri@example.com,10,2025-07-30
750,Keya,Char,Female,28,0252654696,palanvrinda@example.net,9,2025-09-21
751,Amara,Kapadia,Female,27,2355580996,karpelakshit@example.com,14,2023-05-17
752,Anthony,Kakar,Male,20,0615626244,qbanerjee@example.com,10,2023-05-03
753,Finn,Rao,Male,30,8171516025,yashicarajagopalan@example.net,1,2024-07-04
754,Aashi,Sunder,Female,38,6604641978,urvashi58@example.com,7,2023-01-18
755,Gaurav,Samra,Male,44,6120594389,dsaran@example.com,12,2023-10-09
756,Anmol,Dara,Male,44,0750954654,praneel45@example.com,9,2022-08-25
757,Vansha,Nair,Female,21,0091508632,datemaanav@example.net,12,2024-09-02
758,Tanveer,Maharaj,Male,51,0793897015,dinharrison@example.com,4,2024-10-02
759,Chaaya,Nazareth,Female,60,4660241613,chavvi98@example.net,8,2026-03-17
760,Keya,Bawa,Female,38,0973642480,rgolla@example.com,3,2023-09-25
761,Aahana,Ray,Female,52,+910624479,andrewnair@example.org,6,2022-11-04
762,Mitali,Sharma,Female,59,6958678055,hiral72@example.com,13,2026-03-17
763,Yahvi,Kade,Female,57,2646091785,johalkala@example.com,8,2023-10-25
764,Nakul,Seth,Male,33,7029929596,wbajaj@example.com,5,2024-12-09
765,Xalak,Keer,Female,32,0826911633,pranav26@example.net,5,2024-04-23
766,Qushi,Kalla,Female,31,0945515888,netratalwar@example.com,12,2023-10-16
767,Varenya,Dugar,Female,38,+916408572,asahota@example.org,8,2025-04-12
768,Amrita,Kapur,Female,53,+919981996,ojassodhi@example.net,15,2022-12-17
769,Reva,Bajaj,Female,36,9688327532,uiyengar@example.org,2,2023-10-27
770,Bhavini,Balasubramanian,Female,43,+919773973,narulanathaniel@example.org,14,2024-07-16
771,Bhavya,Amble,Female,27,0687616481,sarnavasana@example.net,5,2022-10-29
772,Madhav,Rao,Male,36,0568761124,garajeevika@example.com,12,2025-05-13
773,Omkaar,Dhar,Male,40,+917341517,chakrika75@example.com,15,2025-07-19
774,Leela,Maharaj,Female,59,0228403595,damyanti29@example.net,5,2023-11-14
775,Vyanjana,Sarraf,Female,31,4222946430,chavvidivan@example.net,4,2022-08-16
776,Leela,Patla,Female,53,8867925298,kavya67@example.net,12,2023-04-17
777,Zaitra,Subramaniam,Female,26,+917601534,jagdish35@example.com,2,2024-07-11
778,Abeer,Viswanathan,Male,33,+913506158,bhallasanya@example.net,1,2024-10-18
779,Jatin,Konda,Male,58,0233720948,guptadevansh@example.org,4,2024-10-17
780,Max,Bhat,Male,24,+913399771,hegdevanya@example.org,7,2024-06-14
781,Chakrika,Soni,Female,48,+911893974,uchoudhury@example.com,2,2025-11-17
782,Gunbir,Shan,Male,18,+914694725,chandani48@example.org,9,2024-01-09
783,Laksh,Thakur,Male,44,0712705877,dominicsankaran@example.net,11,2023-11-14
784,Charvi,Savant,Female,48,0823133484,rchauhan@example.com,11,2026-07-08
785,Henry,Dubey,Male,36,0236229258,oluthra@example.com,6,2024-07-31
786,Nidra,Prabhakar,Female,59,+914555746,ravalchristopher@example.com,1,2024-01-29
787,Ekaraj,Shan,Male,59,0033445056,ryan39@example.net,10,2024-06-11
788,Laksh,Chhabra,Male,52,+913257970,keya01@example.org,12,2025-04-17
789,Onveer,Majumdar,Male,29,5741721562,chandaniiyengar@example.net,7,2022-12-12
790,Theodore,Korpal,Male,20,0984884021,sanaya32@example.com,14,2024-07-25
791,Jhalak,Sharma,Female,49,0534490216,zsur@example.org,3,2026-02-09
792,Zarna,Bhasin,Female,20,5096085874,ekalinga19@example.org,1,2024-12-12
793,Dayita,Wali,Female,54,+918197931,pdoshi@example.com,10,2022-11-19
794,Gavin,Nori,Male,39,0860694096,karekantika@example.com,5,2023-03-19
795,Leela,Kapoor,Female,59,5873959232,darikagolla@example.org,9,2022-09-07
796,Anusha,Datta,Female,26,5155333426,viraj35@example.org,14,2023-02-27
797,Urvi,Dasgupta,Female,35,0073607763,fdash@example.org,4,2024-09-23
798,Darsh,Gaba,Male,39,+911795563,vanya48@example.org,3,2024-07-07
799,Adweta,Amble,Female,59,0661554164,ramakrishnanurishilla@example.org,5,2023-09-28
800,Neel,Bath,Male,18,+913290282,kadakiachaaya@example.com,12,2025-03-14
801,Triya,Dugar,Female,36,0228225120,daminiraval@example.net,10,2024-02-28
802,Kevin,Nagi,Male,29,+910507026,nakulchaudhry@example.org,10,2024-01-21
803,Jasmit,Chanda,Female,45,0117768729,vamakshi74@example.org,9,2023-12-12
804,Rajeshri,Char,Female,23,0793238223,ravalbarkha@example.net,7,2023-01-08
805,Jeet,Kara,Male,29,0245798894,pahal52@example.net,3,2025-09-14
806,Anika,Rajan,Female,38,0320203265,srivastavaveda@example.com,15,2023-05-16
807,Samaksh,Seth,Male,18,+917948714,aadhyaom@example.com,5,2025-11-09
808,Vasatika,Char,Female,33,5841560821,tanvichoudhry@example.org,8,2024-11-30
809,Neelima,Date,Female,39,0476818268,tristanbadal@example.org,5,2025-09-10
810,Peter,Vora,Male,34,2988085838,kavyadutt@example.org,11,2025-06-19
811,Gayathri,Kara,Female,33,2896340646,dsoni@example.com,1,2023-02-25
812,Mason,Acharya,Male,47,+914843991,vasanadyal@example.org,5,2024-03-27
813,Fariq,Saini,Male,43,0933513426,sameshsawhney@example.org,11,2025-06-07
814,Manya,Narang,Female,25,+911848197,shamitesh@example.org,11,2026-04-26
815,Panini,Magar,Female,41,+916417692,chakrabartijanani@example.org,10,2026-04-09
816,Yug,Sankaran,Male,32,0014448564,aryaharrison@example.net,3,2026-01-01
817,Watika,Kibe,Female,27,7396417899,qvenkataraman@example.com,8,2022-10-02
818,Darika,Chaudhari,Female,44,1135996605,ksharma@example.net,12,2022-09-24
819,Sudiksha,Sankaran,Female,52,0392051460,wkulkarni@example.net,13,2024-01-14
820,Patrick,Kothari,Male,33,0705742388,xpall@example.org,11,2026-03-02
821,Zaid,Chakraborty,Male,51,0598354116,wgrewal@example.com,8,2023-06-08
822,Libni,Sunder,Female,22,0575225013,yashawini84@example.net,15,2024-11-11
823,Gaurav,Rao,Male,21,1311964258,mekhala26@example.org,14,2026-03-02
824,Manan,Butala,Male,54,0370382407,yatankara@example.com,9,2025-04-30
825,Hritik,Dhillon,Male,28,+914309776,nitaragrewal@example.net,6,2025-01-16
826,Sudiksha,Ram,Female,25,4546553585,desaiekanta@example.net,11,2023-08-16
827,Devansh,Char,Male,55,7851935837,chatresh79@example.com,8,2024-09-08
828,Tejas,Bhattacharyya,Male,50,+910878057,majumdarzayyan@example.net,8,2022-09-09
829,Yatan,Sankar,Male,47,2637484539,xdhawan@example.net,3,2025-06-21
830,Nisha,Ahuja,Female,47,0591191862,yuvrajgola@example.org,10,2022-09-12
831,Yug,Dar,Male,53,0116966672,gopalmukhopadhyay@example.com,8,2023-04-30
832,Upasna,Krishnan,Female,19,0124633515,viswanathanaarini@example.org,7,2026-04-24
833,Bhavani,Bhargava,Female,18,5120800564,prasadekaraj@example.org,12,2023-05-17
834,Zaid,Gopal,Male,55,3512959272,saibalasubramanian@example.net,2,2022-09-27
835,Darpan,Muni,Male,45,0152982173,geetikasha@example.net,6,2024-11-26
836,Robert,Sem,Male,52,+918153523,parmardaniel@example.com,1,2026-01-08
837,Chandran,Venkatesh,Male,48,+915899886,krishna73@example.com,1,2025-03-27
838,Unni,Raval,Female,44,0617071587,fmohan@example.com,3,2025-11-07
839,Ayaan,Wable,Male,59,+913149982,battachavvi@example.com,12,2023-05-17
840,Qushi,Yogi,Female,41,+916882850,timothynagarajan@example.org,15,2025-08-11
841,Ishani,Tandon,Female,46,+919900631,peter63@example.com,14,2026-06-23
842,Suhani,Basu,Female,42,+912939469,aanne@example.com,2,2024-03-05
843,Liam,Gupta,Male,59,0490607231,duttvrinda@example.org,14,2023-05-09
844,Omisha,Ganesh,Female,25,4648449411,fjaggi@example.net,3,2026-03-04
845,Yadavi,Iyer,Female,51,+918077113,birwyatt@example.com,3,2025-03-10
846,Qasim,Sarma,Male,18,2790833509,duaharita@example.com,13,2026-06-30
847,Gagan,Palla,Male,37,0306624813,gautamisarna@example.org,8,2026-04-12
848,Urvi,Boase,Female,52,+919848228,routzarna@example.net,7,2022-08-25
849,Frado,Nagy,Male,33,0021306090,kapurbalendra@example.net,8,2024-11-22
850,Bina,Bahri,Female,27,7964967379,hemani77@example.org,5,2024-07-03
851,Pranit,Kapur,Male,25,+914264250,sharafnirja@example.net,1,2026-04-25
852,Jhalak,Ratti,Female,57,+915366677,geetika56@example.org,13,2025-08-25
853,Harshil,Korpal,Male,33,+913939578,mayadhaliwal@example.com,4,2023-01-13
854,Upkaar,Mital,Male,24,6033582686,saanvibajwa@example.net,10,2023-06-14
855,Reyansh,Gera,Male,46,0926932657,vidhimutti@example.net,10,2026-07-17
856,Andrew,Chatterjee,Male,33,+911000515,damyantibhatti@example.com,12,2025-03-23
857,Nakul,Sekhon,Male,43,0524418222,walianimrat@example.org,8,2024-12-17
858,Wahab,Mand,Male,52,3127102676,xgarde@example.org,4,2025-01-24
859,Pratyush,Sastry,Male,26,9270795515,goelkrishna@example.net,9,2023-11-07
860,Shravya,Doctor,Female,32,+913541597,xgara@example.com,14,2023-05-23
861,Yashvi,Mammen,Female,54,0752034476,banjeet47@example.net,10,2022-11-30
862,Osha,Balay,Female,33,+919090463,madankeya@example.com,5,2024-02-18
863,Simon,Ray,Male,60,5254837441,zchad@example.net,9,2026-06-16
864,Nathaniel,Upadhyay,Male,44,+910213125,gaganborra@example.org,5,2025-08-25
865,Abha,Om,Female,21,1297519102,finngrewal@example.org,9,2025-08-17
866,Chakradev,Aggarwal,Male,58,0330165837,egrewal@example.com,11,2025-09-07
867,Bhavani,Savant,Female,53,+918012342,borraraghav@example.org,8,2026-03-08
868,Naveen,Kari,Male,40,+916949684,wridesh80@example.net,11,2026-05-12
869,Ladli,Manda,Female,51,+911017509,chakrabartieiravati@example.net,6,2025-11-08
870,Radhika,Bhatti,Female,44,4575757475,vedantgarde@example.org,3,2025-07-06
871,Qushi,Rout,Female,42,0756777226,dewanedhitha@example.com,3,2026-04-10
872,Falguni,Ratta,Female,33,0062292310,rdoctor@example.com,14,2023-06-01
873,Advay,Tank,Male,37,0248433797,fdutta@example.net,14,2022-10-29
874,Patrick,Cherian,Male,47,+915794238,tarya@example.net,15,2023-04-01
875,Omkaar,Mukhopadhyay,Male,53,9691928455,kalasolanki@example.org,7,2022-08-25
876,Vansha,Pingle,Female,53,0335357485,robert25@example.net,9,2025-01-02
877,Ishwar,Khalsa,Male,42,+917970581,finn87@example.com,4,2025-02-19
878,Lila,Bhavsar,Female,31,0634250733,ishani97@example.net,6,2023-03-12
879,Laban,Nagarajan,Male,46,0598339914,yaminimandal@example.org,14,2025-12-08
880,Riya,Sampath,Female,23,0443240061,udyati27@example.net,9,2024-03-13
881,Farhan,Sawhney,Male,21,0147439742,ekantikabadal@example.org,5,2022-10-18
882,Omisha,Sood,Female,56,0256806562,mandalekiya@example.net,10,2025-10-16
883,Anmol,Vaidya,Male,22,+912711221,parsaishanvi@example.com,4,2022-12-02
884,Samuel,Oza,Male,48,+917680866,saumyadutt@example.org,4,2025-10-25
885,Leena,Karan,Female,37,+910800370,lakshtella@example.com,15,2023-12-12
886,Rishi,Randhawa,Male,31,+918470681,joshivictor@example.net,15,2024-08-30
887,Aarush,Palla,Male,25,1958263280,amaira85@example.net,12,2024-03-23
888,Gauri,Jaggi,Female,33,4535461470,xvala@example.com,12,2023-06-11
889,George,Chowdhury,Male,43,+916133943,pbhagat@example.net,15,2023-07-20
890,Jonathan,Kalla,Male,53,0403253765,mraman@example.org,6,2026-06-28
891,Xalak,Srinivasan,Female,42,9431910090,mahalaadi@example.com,8,2024-06-19
892,Sai,Dutta,Female,37,+910533651,bakhshi14@example.org,5,2023-09-10
893,Vasatika,Jayaraman,Female,50,+910720113,anamika09@example.com,15,2022-11-04
894,Ganga,Kale,Female,47,+916600767,bhatnagaravni@example.net,2,2023-10-09
895,Wakeeta,Jain,Female,38,0043370096,tkata@example.net,15,2022-10-10
896,Luke,Patla,Male,41,+919577825,ekanipalan@example.com,6,2023-04-25
897,Suhani,Pradhan,Female,20,0542786561,laksh55@example.net,10,2024-07-22
898,Umang,Zacharia,Male,27,2058295829,sameshrandhawa@example.org,1,2026-01-28
899,Ubika,Choudhury,Female,53,8081904823,vrinda15@example.net,15,2026-02-17
900,Ridhi,Rana,Female,36,6395613723,thamanhritik@example.com,3,2023-03-10
901,Balendra,Mohan,Male,39,+916438130,johalquincy@example.net,4,2022-11-16
902,Bhavna,Kulkarni,Female,54,0165609456,dakshasangha@example.net,14,2025-01-30
903,William,Barman,Male,49,7075504768,samiindali@example.net,9,2024-08-28
904,Amara,Rai,Female,34,+917174811,pnazareth@example.net,13,2024-07-27
905,Anika,Naidu,Female,59,0873961029,gbiswas@example.org,12,2024-07-17
906,Mahika,Rama,Female,47,0491872742,mannangarima@example.com,3,2023-01-15
907,Garima,Bose,Female,28,+917730626,harinitak@example.org,3,2025-08-10
908,Vamakshi,D’Alia,Female,29,+912229907,vohrajyoti@example.net,15,2024-11-19
909,Chatresh,Sahota,Male,51,0046861114,grattan@example.org,1,2026-06-06
910,Ekapad,Dara,Male,60,+912192378,ybhavsar@example.net,1,2023-05-13
911,Samuel,D’Alia,Male,44,0332426050,chowdhuryamaira@example.net,3,2024-10-30
912,Aayush,Mitter,Male,22,+915373377,lipikabobal@example.org,12,2025-05-30
913,Devansh,Uppal,Male,18,+911781923,niharika06@example.org,4,2026-04-11
914,Oeshi,Rana,Female,41,+913567932,pdugar@example.net,1,2024-10-15
915,Mitali,Tank,Female,60,+916906181,maya47@example.net,8,2026-01-02
916,Onkar,Mitter,Male,18,9547876989,upasnanazareth@example.org,9,2025-07-07
917,Wishi,Oommen,Female,18,8914444983,ekiya39@example.org,1,2024-01-21
918,Niharika,Handa,Female,52,0864496392,janakinagi@example.org,5,2025-12-19
919,Vihaan,Venkatesh,Male,50,+911433952,tsule@example.com,14,2026-07-16
920,Veda,Yogi,Female,29,0249141686,gulatiaachal@example.com,2,2024-07-04
921,Lakshit,Vaidya,Male,51,6340679176,hmunshi@example.org,3,2023-05-06
922,Darsh,Pathak,Male,30,+910141884,balveerbhasin@example.org,10,2023-01-18
923,Pahal,Malhotra,Female,40,0633399948,maxbajaj@example.net,5,2025-01-21
924,Nitara,Kannan,Female,23,+916389021,gdash@example.org,6,2026-03-03
925,Tanvi,Kant,Female,47,+917922341,craju@example.org,10,2023-07-24
926,Chandresh,Bumb,Male,32,0772696084,ysarkar@example.net,5,2024-01-11
927,Naveen,Bail,Male,59,0896793521,yganguly@example.com,14,2023-06-15
928,Ikbal,Murthy,Male,23,0643436970,dhruvsethi@example.net,7,2025-12-22
929,Alka,Ramachandran,Female,42,5560767616,ijaya34@example.com,9,2026-06-14
930,Leena,Srinivas,Female,21,+912398983,karnikgautam@example.net,11,2026-06-20
931,Fariq,Chanda,Male,28,8041847242,lmallick@example.org,2,2024-04-25
932,Nimrat,Ganesan,Female,45,1319092487,pganesh@example.org,11,2026-01-03
933,Indira,Bose,Female,54,+911428178,yatananand@example.com,14,2026-03-18
934,Frederick,Magar,Male,51,0880622072,wyattpillai@example.net,15,2025-11-26
935,Liam,Shere,Male,32,+917213290,manitriveni@example.net,4,2025-12-20
936,Wishi,Rana,Female,35,8687859964,gganesan@example.com,1,2023-02-10
937,Andrew,Jhaveri,Male,35,+919541966,murtyvidhi@example.org,15,2025-10-06
938,Abhiram,Kale,Male,29,0279246320,fkrishnan@example.com,15,2024-07-22
939,Vidhi,Prabhu,Female,19,+917260321,udyati66@example.org,4,2025-02-12
940,Manan,Pant,Male,43,8707155348,advaychaudhuri@example.org,15,2025-09-27
941,Krishna,Bhasin,Male,37,+918385076,eta45@example.org,3,2025-12-24
942,David,Sarma,Male,54,0680898126,jloke@example.org,14,2025-10-24
943,Indira,Chander,Female,52,6463004023,ahari@example.org,6,2024-05-22
944,Lakshmi,Kade,Female,26,+911204713,buchtripti@example.com,13,2025-03-13
945,Quincy,Singh,Male,50,0988558298,upkaarbains@example.com,12,2024-08-17
946,Madhavi,Narasimhan,Female,21,4760944128,theodorekothari@example.com,2,2026-06-04
947,Ganga,Chaudhari,Female,32,8856669541,nicholassrivastava@example.net,14,2022-11-09
948,Naksh,Bhandari,Male,39,0662670551,vidhiswamy@example.com,10,2025-01-28
949,Jalsa,Ravi,Female,38,0343925295,gbutala@example.org,1,2022-12-03
950,Aarna,Doctor,Female,46,6712007202,jeevika59@example.org,8,2022-09-29
951,Fitan,Mukherjee,Male,40,0109109032,rchokshi@example.net,9,2023-10-24
952,Zansi,Bora,Female,45,4217942817,bhanumatibalay@example.com,3,2026-03-13
953,Pallavi,Gaba,Female,23,7758446634,shivansh37@example.org,13,2025-07-25
954,Garima,Bansal,Female,33,+910912172,ekaja93@example.net,12,2024-08-15
955,Teerth,Rout,Male,23,+918943705,dominic00@example.com,5,2024-03-25
956,Girik,Tank,Male,42,0657256592,zashilsagar@example.org,12,2024-08-23
957,Oliver,Divan,Male,42,+912389743,patelhemal@example.net,6,2024-02-28
958,Pahal,Agate,Female,24,+917833258,radhikabaral@example.com,2,2025-08-19
959,Maanav,Yohannan,Male,37,0045069176,divyakapoor@example.com,8,2023-09-13
960,Netra,Barad,Female,35,+919464083,mekhalaagate@example.com,2,2022-10-11
961,Baljiwan,Mahal,Male,23,8608490793,jack36@example.net,3,2025-08-29
962,Omya,Goel,Female,46,3061537012,omkaar44@example.com,9,2023-04-06
963,Unni,Jani,Female,24,2514488112,aggarwalwriddhish@example.org,1,2025-11-19
964,Krishna,Gola,Male,40,+917518878,fiyaz51@example.com,9,2023-04-29
965,Rishi,Gulati,Male,56,4091122528,varenyapanchal@example.org,10,2024-01-08
966,Saumya,Sankaran,Female,42,+918632397,yshankar@example.com,1,2025-04-22
967,Raksha,Issac,Female,44,+910730950,murtyubika@example.org,7,2023-02-22
968,Chanakya,Verma,Male,53,1927788519,nadigyatan@example.com,15,2024-11-09
969,Simon,Memon,Male,54,+911042462,walijanuja@example.org,9,2024-09-10
970,Mitesh,Mital,Male,42,0004521289,patilishaan@example.org,3,2023-09-12
971,Ojas,Nadkarni,Male,35,+912939130,mishrachameli@example.org,5,2026-05-19
972,Tamanna,Baria,Female,49,0615402119,soodbrijesh@example.com,3,2026-01-06
973,Pranit,Ravi,Male,28,1429831522,badalupma@example.org,7,2025-09-03
974,Edhitha,Gara,Female,44,8360849378,danielsani@example.org,5,2025-03-07
975,Sara,Hans,Female,22,4526969443,salviaadhya@example.net,6,2025-02-23
976,Yadavi,Agarwal,Female,33,+916934292,banjeetkashyap@example.org,12,2025-09-28
977,Aradhana,Bora,Female,56,6234190310,vchhabra@example.org,10,2024-06-22
978,Ekbal,Din,Male,47,1556684732,lopapandit@example.org,2,2026-04-10
979,Jairaj,Suri,Male,37,0460406720,sviswanathan@example.org,1,2024-05-01
980,Dayamai,Mani,Female,39,+914426078,chavvi37@example.org,14,2025-07-02
981,Manya,Sood,Female,39,0427372037,yashodharadhillon@example.org,8,2023-09-17
982,Reva,Vig,Female,45,0148460191,zayyan38@example.net,14,2025-01-06
983,Gavin,Taneja,Male,37,0205869507,rachitchopra@example.net,6,2023-11-16
984,Simon,Krishnamurthy,Male,48,4936999516,phayre@example.com,6,2022-10-08
985,Om,Parikh,Male,43,0385736801,vihaanroy@example.org,6,2023-06-12
986,Vinaya,Sachar,Female,58,1187233351,kundaadvay@example.net,8,2024-04-24
987,Darpan,Mand,Male,38,9731539114,chaitanyasoni@example.net,7,2023-10-02
988,Geetika,Ahuja,Female,43,0365118939,saneikshita@example.com,6,2025-10-11
989,Upkaar,Gala,Male,54,+911904322,shauryahora@example.org,4,2023-10-30
990,Victor,Bhat,Male,53,7392013546,devdutt@example.com,1,2024-03-07
991,Aarini,Garg,Female,31,0082611231,bchopra@example.org,8,2025-07-19
992,Geetika,Lata,Female,22,8889957298,saumyasandal@example.org,14,2025-03-04
993,Vamakshi,Mallick,Female,49,0493036468,daliajonathan@example.org,3,2023-07-20
994,Dayita,Srinivas,Female,33,0920828323,khuranafiyaz@example.com,5,2024-10-21
995,Chakradhar,Lad,Male,45,0582206732,vasamanbir@example.net,13,2024-06-15
996,Bimala,Sami,Female,22,8157245000,bajwaazaan@example.org,8,2023-12-11
997,Gayathri,Bumb,Female,55,+913717850,dhriti61@example.net,7,2025-04-26
998,Mohini,Master,Female,52,0218299874,doraparth@example.com,1,2024-09-14
999,Anvi,Murthy,Female,52,0708670090,yatan65@example.net,10,2024-01-10
1000,Chaitanya,Pathak,Male,24,8482669136,amrutavaidya@example.org,13,2023-12-10
